scenario,peak_believer_ratio_mean,peak_believer_ratio_std,time_to_peak_mean,time_to_peak_std,final_believer_ratio_mean,final_believer_ratio_std,final_corrected_ratio_mean,final_corrected_ratio_std,total_exposure_mean,total_exposure_std
baixa_verificacao,0.4722421875,0.025682414968821694,15.0,0.6488856845230502,0.0,0.0,0.98540625,0.002838603280757338,8.7701796875,0.2353376681242026
verificacao_moderada,0.3203828125,0.021303415535220707,12.7,0.47016234598162726,0.0,0.0,0.9501875,0.004118290995508225,5.769328125,0.11934654847465213
verificacao_intensa,0.2057265625,0.018978275633789083,11.35,0.6708203932499369,0.0,0.0,0.8650703125,0.013973629545569372,3.9601406249999997,0.10848380936113594
campanha_alfabetizacao,0.1113515625,0.008655397158966233,9.1,0.7880689256524123,0.0,0.0,0.67021875,0.022842637356804356,2.1507734375,0.1424207300853308
